{"booster": "gblinear", "lambda": 0.0019260972342014105, "alpha": 0.058531984179888606, "subsample": 0.47179498433554407, "colsample_bytree": 0.9165888746852076}