{"booster": "gblinear", "lambda": 0.025063825814236888, "alpha": 5.159073707836065e-05, "subsample": 0.3868360198136104, "colsample_bytree": 0.831045079050417}